{"time_count": 18.613527297973633, "train_accuracy_width1": [0.0492, 0.11224, 0.18176, 0.23208, 0.2767, 0.30852, 0.333, 0.35426, 0.36986, 0.38652, 0.4, 0.41454, 0.42548, 0.43842, 0.44424, 0.45322, 0.45346, 0.46262, 0.47084, 0.47536, 0.47846, 0.47846, 0.48678, 0.4863, 0.49094, 0.49078, 0.49598, 0.49664, 0.50334], "train_accuracy_width2": [0.05634, 0.13288, 0.21148, 0.27416, 0.32662, 0.36428, 0.39814, 0.4316, 0.4515, 0.46888, 0.48726, 0.50112, 0.5157, 0.5275, 0.53758, 0.54196, 0.54862, 0.55818, 0.56042, 0.56686, 0.56942, 0.5764, 0.5776, 0.57848, 0.58192, 0.58726, 0.58872, 0.58762, 0.5904], "train_accuracy_width3": [0.05874, 0.1404, 0.22466, 0.28966, 0.34694, 0.3887, 0.4254, 0.4552, 0.47752, 0.50052, 0.51816, 0.53034, 0.54638, 0.55908, 0.56772, 0.5747, 0.57932, 0.58712, 0.59234, 0.60014, 0.60208, 0.60666, 0.60952, 0.60976, 0.61274, 0.61698, 0.6197, 0.61836, 0.62192], "train_accuracy_width4": [0.06024, 0.1438, 0.23026, 0.2967, 0.3535, 0.39776, 0.43338, 0.46544, 0.48884, 0.50878, 0.52982, 0.54256, 0.5555, 0.5699, 0.57774, 0.5862, 0.58916, 0.59802, 0.60486, 0.61046, 0.61204, 0.61746, 0.62158, 0.62102, 0.6204, 0.62786, 0.62938, 0.62966, 0.63], "test_accuracy_width1": [0.0945, 0.1561, 0.2363, 0.2807, 0.3132, 0.3369, 0.3667, 0.3782, 0.3992, 0.4209, 0.4372, 0.4206, 0.4476, 0.4422, 0.4666, 0.4633, 0.4594, 0.4799, 0.4714, 0.4722, 0.4784, 0.4947, 0.4921, 0.4967, 0.4901, 0.4938, 0.497, 0.506, 0.509], "test_accuracy_width2": [0.107, 0.1624, 0.2623, 0.3119, 0.3579, 0.3919, 0.4228, 0.447, 0.4686, 0.488, 0.5011, 0.485, 0.5193, 0.5103, 0.5323, 0.5262, 0.5215, 0.5464, 0.5397, 0.5307, 0.5376, 0.5459, 0.5486, 0.5576, 0.5579, 0.5477, 0.5581, 0.5698, 0.5611], "test_accuracy_width3": [0.1054, 0.1665, 0.272, 0.3198, 0.3754, 0.4069, 0.4465, 0.4704, 0.4876, 0.5086, 0.5242, 0.5095, 0.5402, 0.5361, 0.552, 0.5464, 0.5467, 0.5673, 0.5642, 0.5491, 0.5684, 0.5691, 0.5663, 0.5739, 0.5762, 0.5723, 0.5781, 0.5807, 0.5836], "test_accuracy_width4": [0.1094, 0.1691, 0.274, 0.3298, 0.3796, 0.4151, 0.4523, 0.4772, 0.4968, 0.5142, 0.5305, 0.5139, 0.5459, 0.537, 0.5557, 0.5543, 0.5523, 0.5707, 0.5705, 0.5569, 0.5741, 0.5774, 0.5704, 0.5763, 0.5796, 0.5754, 0.5816, 0.5901, 0.5893], "train_loss": [1632.9372500181198, 1418.1085233688354, 1247.1999965310097, 1120.7273035645485, 1019.4382495880127, 944.7572696506977, 884.9386959075928, 835.8796881735325, 797.9644659161568, 762.8778630197048, 732.0487558245659, 711.6314375698566, 689.6891387999058, 668.5706367194653, 655.3216159641743, 641.5821298360825, 634.4552768170834, 621.9238694906235, 614.0192374587059, 603.3652958571911, 597.4952789247036, 593.9792635291815, 586.6732782870531, 584.1695756465197, 578.6813767403364, 575.0191191881895, 571.457133680582, 569.4797903597355, 565.3173335790634], "test_loss": [301.53598940372467, 272.98826038837433, 233.65830582380295, 209.58515238761902, 193.92474675178528, 183.13748049736023, 170.06472930312157, 162.27344265580177, 156.03925573825836, 149.74660256505013, 144.94068843126297, 150.03480932116508, 140.59634497761726, 141.84997901320457, 134.87627652287483, 137.11223512887955, 136.6623316705227, 132.41205409169197, 133.38626623153687, 135.4547646343708, 131.36843267083168, 128.2031134068966, 129.84037140011787, 127.5834991633892, 128.86586737632751, 129.24730309844017, 127.33379283547401, 123.80845093727112, 123.72087460756302], "num_parameters": 54241}