{"time_count": 15.637489318847656, "train_accuracy_width1": [0.26772, 0.48374, 0.58746, 0.65162, 0.6886, 0.72072, 0.74814, 0.7628, 0.7739, 0.78734, 0.79674, 0.80146, 0.81098, 0.81574, 0.82186, 0.8267, 0.83146, 0.83486, 0.8401, 0.84272, 0.8445, 0.84966, 0.85082, 0.85364, 0.85812, 0.8592, 0.86354, 0.86546, 0.86902, 0.86876], "train_accuracy_width2": [0.2829, 0.51074, 0.62668, 0.69496, 0.73892, 0.77036, 0.79408, 0.81064, 0.81924, 0.83242, 0.84162, 0.85026, 0.85804, 0.86304, 0.87182, 0.87446, 0.8796, 0.88398, 0.88724, 0.89272, 0.89494, 0.8992, 0.90304, 0.9048, 0.90736, 0.91046, 0.91264, 0.91374, 0.9168, 0.91918], "train_accuracy_width3": [0.29322, 0.52044, 0.63728, 0.71028, 0.7579, 0.78802, 0.81022, 0.82538, 0.83622, 0.84762, 0.85688, 0.86686, 0.87534, 0.879, 0.88934, 0.89214, 0.89524, 0.90058, 0.90572, 0.90984, 0.91312, 0.91678, 0.92016, 0.9225, 0.9245, 0.92858, 0.92998, 0.93066, 0.93442, 0.93644], "train_accuracy_width4": [0.2971, 0.52212, 0.64226, 0.714, 0.76052, 0.79188, 0.81386, 0.82962, 0.84292, 0.85372, 0.8631, 0.87438, 0.88044, 0.88528, 0.896, 0.8978, 0.9023, 0.90686, 0.9118, 0.91574, 0.92008, 0.92218, 0.92564, 0.92726, 0.92994, 0.93302, 0.93576, 0.93674, 0.94102, 0.94258], "test_accuracy_width1": [0.4334, 0.5551, 0.6259, 0.6775, 0.7124, 0.7371, 0.7524, 0.7599, 0.7576, 0.7835, 0.7869, 0.8, 0.7837, 0.7847, 0.8119, 0.8039, 0.8138, 0.811, 0.8135, 0.8133, 0.8305, 0.8152, 0.8187, 0.8266, 0.8351, 0.8378, 0.8334, 0.8306, 0.8328, 0.8406], "test_accuracy_width2": [0.459, 0.5888, 0.6652, 0.7064, 0.7524, 0.7775, 0.7916, 0.794, 0.8137, 0.8141, 0.8264, 0.834, 0.824, 0.8252, 0.8459, 0.8444, 0.8478, 0.8499, 0.8535, 0.8502, 0.8626, 0.8522, 0.8475, 0.8526, 0.86, 0.8638, 0.8661, 0.8606, 0.859, 0.8638], "test_accuracy_width3": [0.4648, 0.5971, 0.6707, 0.7232, 0.7642, 0.7924, 0.8014, 0.8137, 0.8183, 0.8292, 0.8396, 0.843, 0.8376, 0.838, 0.8567, 0.8498, 0.8627, 0.8617, 0.8686, 0.8582, 0.8707, 0.8624, 0.8632, 0.8672, 0.8661, 0.8734, 0.8776, 0.8711, 0.867, 0.8768], "test_accuracy_width4": [0.4642, 0.5985, 0.6726, 0.7283, 0.7702, 0.7966, 0.8047, 0.8183, 0.8214, 0.8366, 0.8449, 0.843, 0.8427, 0.8442, 0.8614, 0.854, 0.8652, 0.8645, 0.8709, 0.8609, 0.8741, 0.867, 0.8658, 0.871, 0.8728, 0.8772, 0.8803, 0.873, 0.8694, 0.8751], "train_loss": [739.9448414444923, 528.7135905474424, 414.8208397477865, 339.93334752321243, 292.55630131810904, 258.88014118373394, 234.4898557588458, 216.74791338294744, 203.37630068138242, 189.8467058762908, 179.5661974325776, 170.07142097130418, 161.45349451899529, 155.6033889055252, 146.12222838401794, 141.75144741684198, 136.7136877719313, 132.20643728598952, 126.5829087421298, 121.84819418005645, 118.82785481214523, 114.79419174231589, 111.1724734865129, 108.64724313281476, 105.2585427518934, 102.67126707732677, 99.31296771578491, 97.22228366136551, 93.93271044362336, 93.01522440835834], "test_loss": [117.33380377292633, 91.4537807404995, 76.96226033568382, 68.3113565146923, 57.17268092185259, 51.26388979703188, 49.13523309677839, 46.810132421553135, 45.318626277148724, 43.305365048348904, 42.08126711845398, 39.876396019011736, 41.74476333707571, 42.834568060934544, 37.16913328319788, 38.748699426651, 35.604945216327906, 36.05437455326319, 35.74660721793771, 37.480217944830656, 33.595517329871655, 36.47951605916023, 36.538069907575846, 36.36554514616728, 33.30738452915102, 34.13199696689844, 33.7175977807492, 35.32070489600301, 36.00924098864198, 33.70491923764348], "num_parameters": 54241}