{"time_count": 37.08526802062988, "train_accuracy_width1": [0.1331, 0.25274, 0.35724, 0.42282, 0.48376, 0.5364, 0.57946, 0.60732, 0.62276, 0.63912, 0.64786, 0.65632, 0.66552, 0.67292, 0.68124, 0.1846, 0.28244, 0.31324, 0.29592, 0.42682, 0.5032, 0.54858, 0.58352, 0.61292, 0.6326, 0.64682, 0.66136, 0.67438, 0.68714, 0.6969, 0.70624, 0.7171, 0.72548, 0.73046, 0.74004, 0.74508, 0.75062, 0.75302, 0.75862, 0.76184, 0.7646, 0.77152, 0.77094, 0.77382, 0.77492, 0.78068, 0.78036, 0.781, 0.81122, 0.81908, 0.82186, 0.82216, 0.82498, 0.8274, 0.8268, 0.83084, 0.8303, 0.83138, 0.83328, 0.83182, 0.83254, 0.83226, 0.83516, 0.8362, 0.834, 0.83776, 0.83612, 0.83666, 0.83742, 0.83922, 0.83498, 0.84154, 0.84082, 0.84126, 0.84014, 0.84192, 0.8408, 0.83912], "train_accuracy_width2": [0.14882, 0.2533, 0.37162, 0.45074, 0.52396, 0.59008, 0.62776, 0.662, 0.69506, 0.719, 0.73678, 0.74856, 0.75796, 0.76626, 0.76996, 0.20838, 0.26322, 0.30742, 0.31418, 0.45718, 0.55248, 0.61542, 0.65542, 0.68752, 0.7145, 0.7372, 0.75392, 0.7698, 0.77844, 0.78606, 0.79522, 0.80206, 0.80566, 0.8138, 0.81892, 0.82164, 0.82894, 0.83004, 0.83414, 0.83792, 0.83962, 0.84092, 0.84314, 0.84434, 0.84778, 0.84988, 0.84844, 0.85014, 0.88066, 0.89008, 0.89484, 0.89554, 0.8996, 0.90128, 0.9022, 0.90434, 0.90288, 0.90482, 0.90644, 0.90524, 0.90626, 0.90742, 0.90832, 0.9101, 0.9106, 0.90994, 0.91098, 0.91222, 0.91186, 0.91292, 0.91172, 0.91344, 0.91424, 0.9144, 0.9151, 0.91526, 0.91672, 0.91818], "train_accuracy_width3": [0.15406, 0.26884, 0.39328, 0.46924, 0.54372, 0.61036, 0.64876, 0.68794, 0.71568, 0.74108, 0.75702, 0.76838, 0.77842, 0.78452, 0.78738, 0.18716, 0.26266, 0.29766, 0.32792, 0.49298, 0.592, 0.64966, 0.68798, 0.72144, 0.74962, 0.76762, 0.78454, 0.79788, 0.80828, 0.81648, 0.82376, 0.8308, 0.83676, 0.84252, 0.84776, 0.8495, 0.8552, 0.85822, 0.86152, 0.86372, 0.8666, 0.86762, 0.87194, 0.87218, 0.87378, 0.8765, 0.87748, 0.8789, 0.90846, 0.91908, 0.92288, 0.92562, 0.92684, 0.92942, 0.93154, 0.93216, 0.93278, 0.93626, 0.9369, 0.93714, 0.93766, 0.9382, 0.93838, 0.9396, 0.94164, 0.94084, 0.94146, 0.94362, 0.94304, 0.94354, 0.94362, 0.94496, 0.94652, 0.94546, 0.94544, 0.94742, 0.94724, 0.94952], "train_accuracy_width4": [0.15924, 0.2745, 0.39732, 0.47186, 0.54962, 0.6171, 0.66088, 0.69726, 0.72732, 0.74824, 0.76618, 0.77742, 0.78516, 0.79142, 0.7961, 0.21708, 0.28104, 0.30164, 0.3384, 0.50424, 0.6018, 0.66438, 0.6983, 0.73344, 0.76068, 0.77918, 0.79466, 0.80764, 0.81942, 0.82844, 0.8345, 0.84044, 0.8462, 0.85134, 0.85572, 0.85948, 0.86562, 0.8676, 0.87004, 0.87284, 0.87498, 0.87796, 0.88158, 0.88224, 0.88462, 0.88698, 0.88684, 0.88984, 0.91864, 0.92918, 0.9326, 0.93536, 0.93856, 0.93996, 0.94056, 0.94328, 0.9445, 0.94706, 0.94606, 0.94852, 0.94876, 0.94952, 0.95002, 0.95064, 0.95176, 0.95276, 0.95312, 0.95426, 0.95424, 0.95618, 0.95604, 0.9577, 0.95774, 0.95738, 0.95864, 0.9599, 0.96052, 0.96078], "test_accuracy_width1": [0.202, 0.2807, 0.3451, 0.3408, 0.4884, 0.4451, 0.3068, 0.5197, 0.4312, 0.5463, 0.5495, 0.5285, 0.4991, 0.4873, 0.4728, 0.1967, 0.1942, 0.1966, 0.2902, 0.4036, 0.4765, 0.5073, 0.5398, 0.5689, 0.5836, 0.6349, 0.6367, 0.6073, 0.6313, 0.6598, 0.5999, 0.6984, 0.7078, 0.613, 0.6849, 0.6434, 0.6463, 0.7116, 0.7291, 0.7081, 0.7414, 0.579, 0.7127, 0.6781, 0.7573, 0.7416, 0.7151, 0.7048, 0.808, 0.8122, 0.8145, 0.8144, 0.8162, 0.8191, 0.8116, 0.8181, 0.8169, 0.8193, 0.8191, 0.8186, 0.8181, 0.8219, 0.823, 0.8201, 0.822, 0.8242, 0.8229, 0.825, 0.8214, 0.8226, 0.8219, 0.8292, 0.8194, 0.8267, 0.8265, 0.8227, 0.8251, 0.8226], "test_accuracy_width2": [0.2002, 0.3023, 0.3568, 0.369, 0.4487, 0.4419, 0.481, 0.5653, 0.5983, 0.6274, 0.4982, 0.6571, 0.5097, 0.5547, 0.636, 0.1215, 0.2089, 0.1457, 0.3735, 0.4508, 0.5394, 0.5497, 0.6069, 0.6724, 0.6981, 0.6642, 0.7382, 0.7294, 0.6888, 0.6835, 0.7488, 0.7443, 0.7625, 0.7663, 0.7277, 0.7418, 0.7807, 0.7797, 0.7809, 0.7766, 0.7902, 0.7982, 0.7984, 0.8095, 0.7995, 0.7839, 0.7554, 0.7821, 0.8694, 0.8736, 0.8751, 0.8757, 0.8762, 0.8802, 0.875, 0.8779, 0.8768, 0.8756, 0.8779, 0.8768, 0.8799, 0.879, 0.8756, 0.8777, 0.8749, 0.8797, 0.8824, 0.8757, 0.8771, 0.8812, 0.8815, 0.8803, 0.8813, 0.8772, 0.8758, 0.8791, 0.877, 0.8778], "test_accuracy_width3": [0.192, 0.3138, 0.3965, 0.4643, 0.4891, 0.4066, 0.46, 0.5854, 0.5974, 0.6723, 0.6496, 0.7149, 0.5719, 0.6125, 0.6691, 0.1039, 0.2065, 0.105, 0.3519, 0.4969, 0.5721, 0.5789, 0.6002, 0.7105, 0.7251, 0.7208, 0.7666, 0.7539, 0.7069, 0.7267, 0.7751, 0.7764, 0.7976, 0.8088, 0.762, 0.7709, 0.8168, 0.803, 0.8038, 0.8071, 0.8198, 0.8106, 0.8303, 0.8349, 0.8108, 0.825, 0.8069, 0.812, 0.887, 0.892, 0.8895, 0.8914, 0.8956, 0.8954, 0.8939, 0.893, 0.8944, 0.8937, 0.8943, 0.8917, 0.8964, 0.8937, 0.8942, 0.8937, 0.8942, 0.8948, 0.8971, 0.8924, 0.894, 0.8948, 0.8939, 0.8964, 0.8955, 0.8971, 0.8973, 0.8968, 0.896, 0.8942], "test_accuracy_width4": [0.1952, 0.3364, 0.3746, 0.482, 0.4987, 0.4146, 0.4061, 0.6262, 0.6461, 0.6391, 0.6086, 0.6477, 0.5977, 0.6557, 0.6627, 0.1591, 0.1577, 0.1327, 0.3946, 0.5296, 0.545, 0.5684, 0.5974, 0.7185, 0.7336, 0.7345, 0.7798, 0.7633, 0.7017, 0.7353, 0.788, 0.7889, 0.8064, 0.8149, 0.7695, 0.7779, 0.8168, 0.8175, 0.8104, 0.806, 0.8224, 0.8225, 0.8456, 0.8397, 0.8196, 0.8328, 0.8192, 0.8133, 0.8944, 0.897, 0.8987, 0.8977, 0.9003, 0.8997, 0.9007, 0.8994, 0.9004, 0.8993, 0.9, 0.8996, 0.9036, 0.9, 0.9019, 0.9022, 0.9007, 0.9006, 0.8991, 0.8979, 0.9019, 0.9004, 0.9031, 0.9007, 0.9021, 0.9017, 0.9024, 0.902, 0.9033, 0.9008], "train_loss": [453.556122392416, 371.96497932076454, 323.64285910129547, 288.5211851596832, 255.55422607064247, 223.68157817423344, 202.4315440505743, 185.48381608724594, 172.03475680947304, 160.42562790215015, 152.54646708071232, 146.95920591056347, 141.43044310063124, 138.37241223454475, 134.82733556628227, 418.054905384779, 371.75442028045654, 356.79161137342453, 353.6907013952732, 281.33324560523033, 236.9559316188097, 207.5447909384966, 189.52106553316116, 172.29699379205704, 159.59512960910797, 148.81670939922333, 140.93807642161846, 133.86752770096064, 128.01608610898256, 123.53655359148979, 118.84376260638237, 114.79318629205227, 111.36546758562326, 107.99221472814679, 105.51081831753254, 103.21924361586571, 100.2471864297986, 98.46502462774515, 95.98718849569559, 94.46407725289464, 93.20173458382487, 91.40469757467508, 90.37369953095913, 89.39729174599051, 88.16188665106893, 86.7419404014945, 86.01016490906477, 85.20491970330477, 69.69333398342133, 63.630053609609604, 61.51292349770665, 60.30158548988402, 59.119771134108305, 57.8083711899817, 57.2423392906785, 56.02510847337544, 55.91532116383314, 54.861041938886046, 54.574494233354926, 53.841567577794194, 53.78475682809949, 52.93589842505753, 52.69272615946829, 52.07595684379339, 51.658407592214644, 51.20285003259778, 51.28885810729116, 50.75656927842647, 50.45899346657097, 50.01034092530608, 50.46089919283986, 49.00915359985083, 48.67431776318699, 49.1580737773329, 48.522777983918786, 48.04357500374317, 47.81070556025952, 47.6588929137215],