{"time_count": 27.29513955116272, "train_accuracy_width1": [0.0449, 0.0926, 0.12528, 0.14756, 0.16352, 0.17968, 0.19602, 0.21162, 0.2226, 0.23662, 0.24952, 0.26332, 0.27174, 0.28202, 0.29434, 0.29948, 0.30664, 0.31264, 0.32356, 0.3238, 0.32698, 0.33486, 0.33748, 0.33908, 0.34742, 0.349, 0.3529, 0.35342, 0.35638, 0.35828, 0.3938, 0.40092, 0.40278, 0.40712, 0.40526, 0.41194, 0.40934, 0.40958, 0.41162, 0.41258, 0.41268, 0.41496, 0.41454, 0.41326, 0.41584, 0.41588, 0.41458, 0.4171, 0.42128, 0.41786, 0.42094, 0.4184, 0.41806, 0.42148, 0.4206, 0.42078, 0.42144, 0.42332, 0.42344, 0.42574], "train_accuracy_width2": [0.05074, 0.10868, 0.15322, 0.1864, 0.21528, 0.24606, 0.2783, 0.2997, 0.3229, 0.34582, 0.36046, 0.37602, 0.39212, 0.40622, 0.41878, 0.42636, 0.43774, 0.44864, 0.45528, 0.46028, 0.46804, 0.47812, 0.47828, 0.48512, 0.48826, 0.49584, 0.49878, 0.50336, 0.5056, 0.51106, 0.56112, 0.57294, 0.57954, 0.58274, 0.58372, 0.58496, 0.58908, 0.58754, 0.58876, 0.58942, 0.59378, 0.5958, 0.59594, 0.59726, 0.5966, 0.60096, 0.59832, 0.60026, 0.60192, 0.60046, 0.60666, 0.60564, 0.60506, 0.60694, 0.60702, 0.60554, 0.60868, 0.6137, 0.61004, 0.61202], "train_accuracy_width3": [0.05354, 0.11876, 0.17124, 0.20678, 0.24236, 0.27804, 0.31336, 0.34118, 0.36434, 0.38896, 0.40868, 0.42346, 0.4412, 0.45944, 0.47218, 0.48304, 0.49526, 0.50446, 0.5139, 0.52158, 0.52932, 0.53836, 0.5437, 0.54886, 0.5557, 0.55768, 0.56728, 0.5688, 0.5737, 0.57862, 0.63518, 0.65216, 0.65662, 0.66412, 0.6638, 0.66706, 0.66962, 0.6742, 0.67546, 0.67674, 0.67822, 0.67996, 0.68118, 0.68262, 0.68526, 0.68758, 0.68886, 0.69046, 0.69224, 0.69052, 0.69634, 0.69494, 0.69684, 0.69666, 0.69882, 0.69748, 0.70106, 0.706, 0.70486, 0.7048], "train_accuracy_width4": [0.05396, 0.12218, 0.17352, 0.213, 0.24966, 0.28796, 0.32384, 0.35354, 0.3766, 0.40376, 0.42404, 0.44024, 0.46006, 0.47652, 0.4911, 0.503, 0.51722, 0.52818, 0.53578, 0.54484, 0.55566, 0.56234, 0.56666, 0.57258, 0.5814, 0.58742, 0.59452, 0.59742, 0.60062, 0.6058, 0.66462, 0.68386, 0.68846, 0.69378, 0.69684, 0.70134, 0.70378, 0.7079, 0.71098, 0.71388, 0.71448, 0.71756, 0.71678, 0.72102, 0.72182, 0.72448, 0.7293, 0.72862, 0.73226, 0.72998, 0.73594, 0.73448, 0.73604, 0.7391, 0.74068, 0.74196, 0.74258, 0.74666, 0.74632, 0.7497], "test_accuracy_width1": [0.0634, 0.0837, 0.1463, 0.1116, 0.1454, 0.1915, 0.213, 0.2084, 0.1644, 0.1824, 0.2465, 0.2302, 0.2526, 0.2852, 0.2286, 0.2694, 0.2902, 0.3083, 0.277, 0.252, 0.3153, 0.3107, 0.3262, 0.3182, 0.331, 0.3544, 0.3372, 0.2861, 0.3134, 0.2662, 0.4229, 0.4281, 0.4285, 0.435, 0.4295, 0.4354, 0.4349, 0.4328, 0.4323, 0.4334, 0.434, 0.432, 0.4339, 0.4405, 0.4368, 0.4295, 0.4366, 0.4426, 0.4472, 0.4467, 0.4358, 0.4414, 0.441, 0.4344, 0.4436, 0.4475, 0.4467, 0.4387, 0.4404, 0.4412], "test_accuracy_width2": [0.0766, 0.1071, 0.177, 0.1209, 0.1793, 0.2507, 0.2808, 0.258, 0.1795, 0.2779, 0.3547, 0.3376, 0.3592, 0.3553, 0.3663, 0.3914, 0.3904, 0.3867, 0.43, 0.4213, 0.4232, 0.392, 0.4254, 0.406, 0.4171, 0.4713, 0.4485, 0.4643, 0.4628, 0.4424, 0.5501, 0.559, 0.56, 0.564, 0.5637, 0.5693, 0.567, 0.5679, 0.5676, 0.5669, 0.5721, 0.5704, 0.5683, 0.5762, 0.5736, 0.5706, 0.5743, 0.5702, 0.5724, 0.577, 0.5783, 0.5732, 0.5761, 0.5708, 0.578, 0.5774, 0.5767, 0.5697, 0.5698, 0.5726], "test_accuracy_width3": [0.0868, 0.1389, 0.1896, 0.162, 0.2053, 0.2854, 0.3018, 0.2935, 0.2334, 0.337, 0.3875, 0.3599, 0.3991, 0.3885, 0.4202, 0.4278, 0.4231, 0.4451, 0.4681, 0.4771, 0.4739, 0.4512, 0.4578, 0.4936, 0.4099, 0.5152, 0.4981, 0.5066, 0.5143, 0.4664, 0.6056, 0.6088, 0.6103, 0.6162, 0.6115, 0.6184, 0.6169, 0.617, 0.6176, 0.6218, 0.6193, 0.6194, 0.6202, 0.6248, 0.6216, 0.6189, 0.6216, 0.6228, 0.6216, 0.6261, 0.6245, 0.6262, 0.622, 0.6216, 0.6277, 0.6265, 0.6297, 0.6231, 0.6257, 0.6182], "test_accuracy_width4": [0.0849, 0.1549, 0.1947, 0.1709, 0.2042, 0.2932, 0.3106, 0.2962, 0.2595, 0.3524, 0.405, 0.3746, 0.4076, 0.4116, 0.4356, 0.447, 0.4296, 0.4643, 0.4901, 0.4958, 0.4845, 0.4517, 0.487, 0.5183, 0.4463, 0.5398, 0.5167, 0.5158, 0.5251, 0.4905, 0.6252, 0.6301, 0.6286, 0.6353, 0.6335, 0.6375, 0.6345, 0.637, 0.6411, 0.6406, 0.6421, 0.6392, 0.6375, 0.6432, 0.6396, 0.6388, 0.6421, 0.6424, 0.6412, 0.6411, 0.6439, 0.6465, 0.6436, 0.645, 0.6465, 0.6436, 0.6457, 0.6411, 0.6466, 0.6426], "train_loss": [823.7854964137077, 733.9247128367424, 685.9650936126709, 647.9504238367081, 613.9984620213509, 583.0319516062737, 552.5319269895554, 528.5652514696121, 508.09156569838524, 489.30984857678413, 472.99932810664177, 457.412360817194, 443.46324172616005, 431.62824669480324, 420.63931688666344, 411.72700119018555, 402.9490911960602, 395.36299404501915, 389.40129444003105, 383.22455963492393, 377.3936695754528, 370.74994549155235, 367.6879315972328, 363.3575716614723, 358.678330630064, 355.0967620611191, 350.64219135046005, 348.61001801490784, 345.3471167385578, 342.375632584095, 305.2231458723545, 294.7043184489012, 290.63592690229416, 286.6528960466385, 285.08551198244095, 283.2953594326973, 281.44637463986874, 280.2273177206516, 278.8002698421478, 277.5743323415518, 275.48975053429604, 274.29059478640556, 273.5508182644844, 272.8951882123947, 271.5422440767288, 270.07242238521576, 269.4081128388643, 268.8852086663246, 267.4204432964325, 267.2446556389332, 265.5389983057976, 265.0722060352564, 264.0776794999838, 263.3001821488142, 262.9376089721918, 262.1367282271385, 261.33074785768986, 259.78348691761494, 259.90061227977276, 258.87066501379013], "test_loss": [160.57833594083786, 150.11637324094772, 135.251635491848, 149.07576602697372, 138.96665143966675, 118.43554615974426, 114.1111655831337, 119.53441554307938, 138.63760662078857, 118.05710726976395, 100.55405348539352, 106.97118270397186, 100.04517805576324, 99.5848003923893, 99.14234319329262, 92.52392846345901, 94.67275512218475, 89.23643773794174, 87.06664365530014, 88.10584545135498, 87.40111282467842, 90.40424627065659, 86.28913128376007, 84.92273715138435, 92.40573844313622, 77.74195265769958, 82.31919765472412, 85.13647422194481, 82.56471586227417, 89.35187020897865, 63.65885537862778, 62.979086101055145, 63.0492262840271, 62.33189672231674, 62.58321610093117, 62.087004601955414, 61.99648496508598, 62.29602670669556, 62.28997555375099, 62.135427951812744, 61.68235659599304, 61.87506076693535, 62.62376171350479, 61.431788951158524, 61.975453436374664, 62.270409643650055, 61.84826400876045, 61.70771613717079, 61.42294877767563, 61.35771772265434, 62.000202775001526, 61.879874020814896, 61.78982198238373, 61.793103113770485, 60.99580927193165, 61.24081799387932, 61.12674295902252, 62.5958506166935, 62.05459541082382, 62.33029314875603]}